outcome,type_I_error,power
L,0.050000000000000044,0.998
A,0.030000000000000027,0.916
Y,0.038000000000000034,0.872
