n_units,type_I_error_rate,power
100,0.06000000000000005,0.355
200,0.050000000000000044,0.69
300,0.015000000000000013,0.86
400,0.015000000000000013,0.91
500,0.010000000000000009,0.99
600,0.0050000000000000044,1.0
700,0.0,1.0
800,0.0,1.0
900,0.0,1.0
1000,0.0,1.0
1100,0.0,1.0
