n_units,type_I_error_rate,power
100,0.020000000000000018,0.28
200,0.030000000000000027,0.35
300,0.050000000000000044,0.5
400,0.040000000000000036,0.73
500,0.030000000000000027,0.83
600,0.0,0.87
700,0.0,0.92
800,0.010000000000000009,0.99
900,0.0,0.99
1000,0.0,1.0
1100,0.0,1.0
