n_units,type_I_error_rate,power
100,0.07999999999999996,0.1
200,0.06000000000000005,0.095
300,0.05500000000000005,0.115
400,0.04500000000000004,0.13
500,0.030000000000000027,0.18
600,0.010000000000000009,0.185
700,0.010000000000000009,0.15
800,0.010000000000000009,0.165
900,0.0,0.15
1000,0.0,0.195
1100,0.0,0.15
