n_units,type_I_error_rate,power
100,0.09999999999999998,0.17
200,0.040000000000000036,0.22
300,0.06999999999999995,0.48
400,0.06000000000000005,0.56
500,0.040000000000000036,0.68
600,0.030000000000000027,0.79
700,0.0,0.87
800,0.0,0.92
900,0.0,1.0
1000,0.0,1.0
1100,0.0,1.0
