n_units,type_I_error_rate,power
100,0.06999999999999995,0.28
200,0.07999999999999996,0.38
300,0.030000000000000027,0.5
400,0.06999999999999995,0.57
500,0.020000000000000018,0.74
600,0.020000000000000018,0.86
700,0.020000000000000018,0.94
800,0.010000000000000009,0.93
900,0.010000000000000009,0.99
1000,0.0,1.0
1100,0.0,1.0
