outcome,type_I_error,power
L,0.06499999999999995,1.0
A,0.03500000000000003,0.925
Y,0.03500000000000003,0.825
