n_units,type_I_error_rate,power
100,0.04500000000000004,0.24
200,0.07999999999999996,0.35
300,0.025000000000000022,0.495
400,0.030000000000000027,0.615
500,0.025000000000000022,0.765
600,0.020000000000000018,0.905
700,0.010000000000000009,0.955
800,0.0050000000000000044,0.985
900,0.0,1.0
1000,0.0,1.0
1100,0.0,1.0
