n_units,type_I_error_rate,power
100,0.06999999999999995,0.33
200,0.030000000000000027,0.6
300,0.050000000000000044,0.91
400,0.020000000000000018,0.97
500,0.06999999999999995,1.0
600,0.0,1.0
700,0.0,1.0
800,0.010000000000000009,1.0
900,0.010000000000000009,1.0
1000,0.0,1.0
1100,0.0,1.0
