n_units,type_I_error_rate,power
100,0.08999999999999997,0.18
200,0.08999999999999997,0.21
300,0.06999999999999995,0.42
400,0.15000000000000002,0.55
500,0.09999999999999998,0.62
600,0.18999999999999995,0.81
700,0.15000000000000002,0.92
800,0.21999999999999997,0.95
900,0.18000000000000005,1.0
1000,0.18999999999999995,1.0
1100,0.050000000000000044,1.0
