n_units,type_I_error_rate,power
100,0.13,0.17
200,0.21999999999999997,0.24
300,0.20999999999999996,0.33
400,0.25,0.54
500,0.41000000000000003,0.64
600,0.5,0.71
700,0.56,0.82
800,0.65,0.87
900,0.71,0.96
1000,0.91,1.0
1100,0.98,1.0
