outcome,type_I_error,power
L,0.07499999999999996,0.48
A,0.08499999999999996,0.18
Y,0.06999999999999995,0.12
