outcome,type_I_error,power
L,0.05600000000000005,0.416
A,0.05800000000000005,0.198
Y,0.038000000000000034,0.124
