outcome,type_I_error,power
L,0.05800000000000005,0.6
A,0.02200000000000002,0.07
Y,0.04600000000000004,0.07
