n_units,type_I_error_rate,power
100,0.030000000000000027,0.08
200,0.040000000000000036,0.14
300,0.0,0.01
