n_units,type_I_error_rate,power
100,0.22499999999999998,0.155
200,0.43500000000000005,0.24
300,0.84,0.195
