n_units,type_I_error_rate,power
100,0.21999999999999997,0.37
200,0.33999999999999997,0.61
300,0.54,0.96
