outcome,type_I_error,power
L,0.04600000000000004,0.49
A,0.028000000000000025,0.358
Y,0.052000000000000046,0.044
