n_units,type_I_error_rate,power
100,0.10999999999999999,0.05
200,0.11499999999999999,0.065
300,0.010000000000000009,0.02
