n_units,type_I_error_rate,power
100,0.040000000000000036,0.39
200,0.010000000000000009,0.6
300,0.0,0.95
