outcome,type_I_error,power
L,0.03500000000000003,0.52
A,0.06499999999999995,0.26
Y,0.03500000000000003,0.125
