n_units,type_I_error_rate,power
100,0.22499999999999998,0.335
200,0.21499999999999997,0.335
300,0.07999999999999996,0.18
