n_units,type_I_error_rate,power
100,0.09999999999999998,0.07
200,0.06999999999999995,0.0
300,0.010000000000000009,0.0
