n_units,type_I_error_rate,power
100,0.040000000000000036,0.21
200,0.020000000000000018,0.55
300,0.0,0.94
