n units 10,n units 20,True Effect
0.255,0.25550000000000006,0.252
0.30100000000000005,0.643,0.252
0.694,-0.446,0.252
