n_units,type_I_error_rate,power
100,0.15000000000000002,0.06
200,0.13,0.03
300,0.18000000000000005,0.09
400,0.08999999999999997,0.01
