outcome,type_I_error,power
L,0.08999999999999997,0.84
A,0.09999999999999998,0.09
Y,0.13,0.22
