n_units,type_I_error_rate,power
100,0.050000000000000044,0.595
200,0.030000000000000027,0.945
300,0.010000000000000009,1.0
400,0.010000000000000009,1.0
