outcome,type_I_error,power
L,0.05800000000000005,0.878
A,0.05800000000000005,0.398
Y,0.05800000000000005,0.652
