n_units,type_I_error_rate,power
100,0.12,0.06
150,0.17000000000000004,0.02
200,0.12,0.04
250,0.17000000000000004,0.03
300,0.18000000000000005,0.01
350,0.20999999999999996,0.02
400,0.29000000000000004,0.0
450,0.24,0.0
