n_units,type_I_error_rate,power
100,0.06000000000000005,0.07
200,0.010000000000000009,0.07
300,0.010000000000000009,0.01
400,0.0,0.0
