n_units,type_I_error_rate,power
100,0.030000000000000027,0.06
200,0.010000000000000009,0.04
300,0.0050000000000000044,0.02
400,0.0,0.015
