n_units,type_I_error_rate,power
100,0.17000000000000004,0.17
150,0.07999999999999996,0.26
200,0.13,0.22
250,0.07999999999999996,0.22
300,0.12,0.3
350,0.08999999999999997,0.38
400,0.020000000000000018,0.43
450,0.020000000000000018,0.65
