n_units,type_I_error_rate,power
100,0.050000000000000044,0.28
200,0.020000000000000018,0.65
300,0.010000000000000009,0.88
400,0.0,0.97
