n_units,type_I_error_rate,power
100,0.06000000000000005,0.13
200,0.010000000000000009,0.14
300,0.030000000000000027,0.06
400,0.0,0.03
