n_units,type_I_error_rate,power
100,0.08999999999999997,0.14
150,0.020000000000000018,0.18
200,0.020000000000000018,0.22
250,0.0,0.23
300,0.020000000000000018,0.19
350,0.0,0.25
400,0.0,0.39
450,0.0,0.36
