n_units,type_I_error_rate,power
100,0.08999999999999997,0.18
200,0.030000000000000027,0.27
300,0.020000000000000018,0.34
400,0.0,0.62
