n_units,type_I_error_rate,power
100,0.08999999999999997,0.24
200,0.07999999999999996,0.38
300,0.08999999999999997,0.69
400,0.050000000000000044,0.94
