n_units,type_I_error_rate,power
200,0.06499999999999995,0.2
500,0.040000000000000036,0.525
1000,0.030000000000000027,0.785
2000,0.04500000000000004,0.975
3000,0.050000000000000044,1.0
4000,0.040000000000000036,1.0
5000,0.04500000000000004,1.0
