n_units,type_I_error_rate,power
100,0.09999999999999998,0.275
500,0.050000000000000044,0.77
1000,0.06999999999999995,0.975
2000,0.040000000000000036,1.0
3000,0.0,1.0
4000,0.010000000000000009,1.0
5000,0.0,1.0
6000,0.0,1.0
7000,0.0,1.0
