n_units,type_I_error_rate,power
200,0.08999999999999997,0.285
500,0.04500000000000004,0.53
1000,0.050000000000000044,0.75
