n_units,type_I_error_rate,power
200,0.05500000000000005,0.58
500,0.04500000000000004,0.9
1000,0.030000000000000027,1.0
