n_units,type_I_error_rate,power
100,0.0,0.3
200,0.09999999999999998,0.3
500,0.09999999999999998,0.6
1000,0.0,1.0
1500,0.09999999999999998,1.0
2000,0.0,1.0
