n_units,type_I_error_rate,power
200,0.07499999999999996,0.235
500,0.06000000000000005,0.4
1000,0.040000000000000036,0.585
