n units 100,n units 200,n units 300,n units 400,n units 500,True Effect
0.771,0.63375,0.6158333333333333,0.6072250000000001,0.64632,0.54866
0.6602,0.60265,0.6638999999999999,0.664525,0.56914,0.54866
0.6184000000000001,0.73745,0.5821333333333334,0.7104250000000001,0.65296,0.54866
0.48749999999999993,0.653,0.5867333333333333,0.5620499999999999,0.67232,0.54866
0.6403000000000001,0.5843,0.6965,0.54545,0.59158,0.54866
