n units 100,n units 200,n units 300,n units 400,n units 500,True Effect
0.7515999999999999,0.6018,0.6006,0.556675,0.6055200000000001,0.5418
0.5821000000000001,0.6673,0.5972,0.50405,0.57162,0.5418
0.6972,0.50295,0.5918333333333334,0.6223749999999999,0.60676,0.5418
0.6044,0.6293,0.4335,0.49182499999999996,0.4657,0.5418
0.6989,0.2690499999999999,0.6853666666666667,0.6428750000000001,0.4983,0.5418
