n units 100,n units 200,n units 300,n units 400,n units 500,True Effect
0.6583,0.46215,0.49473333333333336,0.64045,0.6023400000000001,0.6148
0.643,0.6008,0.5284,0.651375,0.57634,0.6148
0.6617,0.58325,0.6462999999999999,0.584375,0.7124400000000001,0.6148
0.6197,0.6561999999999999,0.6239999999999999,0.612475,0.64434,0.6148
0.52,0.7286,0.6434333333333333,0.610725,0.5806,0.6148
