n units 300,n units 500,n units 1000,True Effect
0.5607,0.59908,0.59351,0.63201
0.5876333333333333,0.6999,0.6360399999999999,0.63201
0.5648333333333333,0.6563000000000001,0.61863,0.63201
0.5520333333333334,0.61162,0.5997600000000001,0.63201
0.6030666666666666,0.581,0.64835,0.63201
