outcome,type_I_error,power
L,0.04500000000000004,0.645
A,0.050000000000000044,0.44
Y,0.06499999999999995,0.435
