outcome,type_I_error,power
L,0.050000000000000044,0.38
A,0.040000000000000036,0.255
Y,0.08499999999999996,0.22
