outcome,type_I_error,power
L,0.04400000000000004,0.392
A,0.04600000000000004,0.324
Y,0.05600000000000005,0.416
