outcome,type_I_error,power
L,0.05500000000000005,0.615
A,0.04500000000000004,0.455
Y,0.03500000000000003,0.375
