n_units,type_I_error_rate,power
100,0.050000000000000044,0.21
150,0.020000000000000018,0.18
200,0.06000000000000005,0.25
250,0.0,0.27
300,0.010000000000000009,0.26
350,0.0,0.33
400,0.0,0.45
450,0.0,0.47
