n_units,type_I_error_rate,power
100,0.030000000000000027,0.12
150,0.020000000000000018,0.04
200,0.0,0.04
250,0.0,0.02
300,0.0,0.01
350,0.0,0.0
400,0.0,0.0
450,0.0,0.0
