n_units,type_I_error_rate,power
100,0.06000000000000005,0.17
150,0.07999999999999996,0.16
200,0.06000000000000005,0.21
250,0.06999999999999995,0.24
300,0.07999999999999996,0.24
350,0.030000000000000027,0.21
400,0.06999999999999995,0.22
450,0.020000000000000018,0.23
