n_units,type_I_error_rate,power
200,0.07666666666666666,0.24333333333333335
500,0.050000000000000044,0.49
1000,0.07666666666666666,0.75
2000,0.046666666666666634,0.9866666666666667
3000,0.040000000000000036,1.0
4000,0.013333333333333308,1.0
5000,0.06333333333333335,1.0
6000,0.043333333333333335,1.0
