n_units,type_I_error_rate,power
200,0.050000000000000044,0.565
500,0.05500000000000005,0.89
1000,0.04500000000000004,0.985
2000,0.03500000000000003,1.0
3000,0.040000000000000036,1.0
4000,0.030000000000000027,1.0
5000,0.025000000000000022,1.0
