n_units,type_I_error_rate,power
200,0.06499999999999995,0.255
500,0.06000000000000005,0.365
1000,0.03500000000000003,0.635
2000,0.015000000000000013,0.91
3000,0.040000000000000036,0.98
4000,0.025000000000000022,1.0
5000,0.020000000000000018,1.0
