n_units,type_I_error_rate,power
200,0.040000000000000036,0.53
500,0.033333333333333326,0.9166666666666666
1000,0.050000000000000044,0.9966666666666667
2000,0.043333333333333335,1.0
3000,0.033333333333333326,1.0
4000,0.046666666666666634,1.0
5000,0.033333333333333326,1.0
6000,0.030000000000000027,1.0
