n_units,type_I_error_rate,power
200,0.07999999999999996,0.26
500,0.06000000000000005,0.4633333333333333
1000,0.040000000000000036,0.69
2000,0.033333333333333326,0.9566666666666667
3000,0.036666666666666625,0.9933333333333333
4000,0.036666666666666625,1.0
5000,0.020000000000000018,1.0
6000,0.033333333333333326,1.0
