n units 1000,n units 1500,True Effect
0.19947332652150912,0.1971857229535937,0.203
