n units 30,True Effect
-0.10119150021108747,1
-0.20976437871453585,1
0.5170498143293707,1
0.8065329482386165,1
0.04777856204399179,1
0.873680543766465,1
0.916100788931996,1
0.4955099906087004,1
0.7810610488248099,1
-0.22580621097317977,1
