n units 30,True Effect
-0.026750000000000003,0.575
0.21558333333333335,0.575
0.5546666666666666,0.575
