n units 10,n units 20,True Effect
0.0,0.28989898989898993,0.36666666666666664
0.0,-0.4035353535353536,0.36666666666666664
-0.00101010101010101,-0.0934343434343434,0.36666666666666664
