n units 10,n units 20,True Effect
-0.7343434343434343,0.31767676767676767,0.5
0.2333333333333334,0.18888888888888888,0.5
0.28787878787878785,0.3111111111111111,0.5
