n units 30,True Effect
0.07458333333333335,0.525
-0.20958333333333337,0.525
0.09641666666666666,0.525
