n units 10,n units 20,True Effect
-0.1808080808080808,0.305050505050505,0.36666666666666664
0.8929292929292929,0.6181818181818182,0.36666666666666664
0.13232323232323231,0.24343434343434345,0.36666666666666664
