n units 2000,n units 5000,n units 10000,True Effect
0.09930999999999998,0.06731999999999999,0.06791900000000001,0.071175
0.07015000000000002,0.069686,0.06669,0.071175
0.05377499999999999,0.04625599999999999,0.05788400000000002,0.071175
0.07427999999999998,0.061888,0.06340199999999999,0.071175
0.055035,0.061003999999999975,0.06665700000000002,0.071175
