n units 30,True Effect
0.8083333333333333,0.425
0.36666666666666664,0.425
0.5916666666666667,0.425
