n units 10,n units 20,True Effect
0.005050505050505083,0.2707070707070707,0.36666666666666664
0.3171717171717171,0.27676767676767666,0.36666666666666664
0.1262626262626262,0.14040404040404042,0.36666666666666664
