n units 10,n units 20,True Effect
0.9494949494949495,0.2090909090909091,0.23333333333333334
1.0,0.5797979797979798,0.23333333333333334
0.505050505050505,0.7595959595959596,0.23333333333333334
