n units 30,True Effect
0.21974305555555557,0.525
0.27275000000000005,0.525
0.6565,0.525
