n units 10,n units 20,True Effect
0.37777777777777777,0.5934343434343434,0.4838383838383839
0.0010101010101010166,0.1111111111111111,0.4838383838383839
-0.0010101010101010166,-0.07525252525252524,0.4838383838383839
