n units 10,n units 20,True Effect
0.2,-0.5454545454545454,0.3333333333333333
-0.8868686868686869,0.16313131313131313,0.3333333333333333
-0.8434343434343434,0.7287878787878789,0.3333333333333333
