n units 300,True Effect
0.5703039253246753,0.54
0.31222110978835976,0.54
0.19408948708698706,0.54
0.3819854131628605,0.54
0.29642383994709,0.54
0.37384814526214527,0.54
0.4102982222222222,0.54
0.21973101322751323,0.54
0.20489072619047616,0.54
0.20245585377585376,0.54
