n units 10,n units 20,True Effect
0.0,0.12777777777777777,0.4616161616161616
0.4616161616161616,0.11616161616161613,0.4616161616161616
0.6363636363636364,-0.11464646464646466,0.4616161616161616
