n_units,type_I_error_rate,power
100,0.04500000000000004,0.36
500,0.040000000000000036,0.96
1000,0.07499999999999996,1.0
2000,0.06499999999999995,1.0
3000,0.030000000000000027,1.0
4000,0.020000000000000018,1.0
5000,0.0050000000000000044,1.0
6000,0.0,1.0
7000,0.0,1.0
