n_units,type_I_error_rate,power
100,0.10499999999999998,0.195
500,0.050000000000000044,0.57
1000,0.050000000000000044,0.85
2000,0.06999999999999995,1.0
3000,0.07999999999999996,1.0
4000,0.09999999999999998,1.0
5000,0.05500000000000005,1.0
6000,0.030000000000000027,1.0
7000,0.010000000000000009,1.0
